feature,mean_abs_shap
killPlace_team_max,0.13238310903803935
walkDistance_match_rank_perc,0.04065842814862515
walkDistance_team_mean,0.03608135774165935
kills_match_rank_perc,0.031179021209680927
killPlace_match_rank_perc,0.023716259415551402
killPlace_match_max_ratio,0.01904908295518083
killPlace_team_min,0.013834252652891245
boosts_team_mean,0.01341464799796173
kills_team_min,0.012765363456018707
players_in_match,0.011815652670736615
killPlace_match_mean_ratio,0.011662946874201805
totalDistance_match_rank_perc,0.010979157045676797
walkDistance_team_max,0.010486867700211743
numGroups,0.010383458347067307
killPlace_team_mean,0.007186529964024974
totalDistance_match_mean_ratio,0.006699437773804295
kills_team_mean,0.006237026714712234
matchDuration,0.0055142923194845764
walkDistance_match_mean_ratio,0.005357546543231864
totalDistance_team_mean,0.004673832279116987
kills_match_mean_ratio,0.0046145977829728305
kills_team_max,0.0040660436932734014
totalDistance_team_max,0.0038039473986006614
killPlace_team_sum,0.0037963519437341415
weaponsAcquired_team_mean,0.002989518764258831
walkDistance_match_max_ratio,0.002760692029153288
totalDistance,0.0026380830393372165
boosts_team_max,0.0024279378886444265
walkDistance,0.0023332571178651335
DBNOs_team_mean,0.00229427430037113
maxPlace,0.002095692203926564
group_size,0.0020572656822562476
kills_team_sum,0.001490800052668254
killPlace,0.0014526098264536855
totalDistance_team_min,0.0013747273455961026
groups_in_match,0.0013339395962820117
damageDealt_team_mean,0.0013126042377528222
kills_match_max_ratio,0.0012961301646905337
damageDealt_team_sum,0.0011636149306350966
damageDealt_team_max,0.0011180465042627805
heals_team_mean,0.0010389348889730812
rideDistance,0.0010379250750674075
walkDistance_team_sum,0.0009863355863360408
weaponsAcquired_team_sum,0.0009174678825075394
damageDealt_match_rank_perc,0.0009111900626971981
boosts_team_min,0.0008458491266827064
weaponsAcquired_team_max,0.0008059992100481465
items_per_walkDistance,0.0007519227218787331
longestKill,0.0007450595079864961
rankPoints,0.0007337400233278257
walkDistance_team_min,0.0007114195905855335
winPoints,0.0006958126724993681
killPoints,0.0006557722062281956
DBNOs_team_sum,0.0006557308481348274
boosts_match_rank_perc,0.0006274245850062275
weaponsAcquired_match_rank_perc,0.0006250482973231654
kills_per_totalDistance,0.0006054148881861338
totalDistance_team_sum,0.0005966792220496277
totalDistance_match_max_ratio,0.0005913447009977068
heals_match_rank_perc,0.0005685558270832435
damageDealt_match_max_ratio,0.0005551390305257403
kills_per_walkDistance,0.0005496129306908481
damageDealt,0.00048296672600523166
weaponsAcquired_match_mean_ratio,0.00040163662549379334
weaponsAcquired_team_min,0.00038346795403602295
DBNOs_team_min,0.0003677194381634301
DBNOs_team_max,0.00036631926985120625
boosts_team_sum,0.0003631637680568149
weaponsAcquired,0.0003454115863472293
revives,0.0003281037948202521
swimDistance,0.00029583055148624607
heals_team_sum,0.000261459112899509
damage_per_kill,0.0002541217047503321
damageDealt_match_mean_ratio,0.00024941193611394553
killStreaks,0.00024004333033016904
boosts_per_walkDistance,0.00022816263498441096
boosts,0.0002216241251582803
heals_and_boosts,0.0002151748403303782
heals_team_min,0.00021150936862350634
boosts_match_mean_ratio,0.00020802517491790202
heals_team_max,0.00020650635638481504
damageDealt_team_min,0.0001636740244342509
kills,0.00015306055149407518
boosts_match_max_ratio,0.00014210406880817156
heals_match_mean_ratio,0.00013538587830543773
heals_per_walkDistance,0.00012202153403399583
DBNOs,8.677027145278589e-05
weaponsAcquired_match_max_ratio,7.681402211105726e-05
headshot_rate,5.468745453067579e-05
heals_match_max_ratio,4.961835634998454e-05
assists,4.926692749230225e-05
teamKills,3.2803799446556396e-05
heals,2.2096223449199624e-05
vehicleDestroys,1.126602024317746e-05
headshotKills,5.308998760605736e-06
roadKills,0.0
