feature,importance
walkDistance_team_mean,0.27383313
killPlace_team_max,0.25062335
walkDistance_match_mean_ratio,0.20484476
walkDistance_match_rank_perc,0.04716377
totalDistance_team_mean,0.035975654
killPlace_match_max_ratio,0.026134383
totalDistance_match_rank_perc,0.021425514
boosts_team_mean,0.015699774
killPlace_match_rank_perc,0.015530521
totalDistance_match_mean_ratio,0.014223322
boosts_team_max,0.01227276
walkDistance_team_max,0.010592254
players_in_match,0.0058620586
DBNOs,0.005677385
killPlace_team_mean,0.005326472
killPlace_team_min,0.0042264103
group_size,0.0034608478
kills_team_min,0.0034425636
killPlace_team_sum,0.0028091646
kills_match_mean_ratio,0.0025762967
numGroups,0.002529238
kills_match_rank_perc,0.0024709841
killPlace_match_mean_ratio,0.0024368658
boosts_team_sum,0.0023585733
kills_per_totalDistance,0.0020944262
weaponsAcquired_team_mean,0.0015932753
matchDuration,0.001473525
totalDistance_team_max,0.0012481081
groups_in_match,0.0012406831
kills_team_max,0.0011540382
walkDistance,0.0010050418
kills_per_walkDistance,0.0009838012
boosts,0.0008576651
totalDistance,0.0008564487
weaponsAcquired_match_rank_perc,0.00079626654
heals_team_mean,0.00079368096
DBNOs_team_mean,0.00075775833
DBNOs_team_min,0.00075601175
totalDistance_team_min,0.0006742409
kills_team_mean,0.00067241775
heals_match_mean_ratio,0.0005635645
kills_team_sum,0.00046323388
items_per_walkDistance,0.00045199503
weaponsAcquired_team_max,0.00043572907
maxPlace,0.00041505866
walkDistance_team_min,0.00038672466
boosts_match_mean_ratio,0.00038665513
boosts_match_rank_perc,0.00036314173
killPlace,0.00035840177
match_type_group,0.0003263392
walkDistance_match_max_ratio,0.0003230782
damageDealt_team_sum,0.00031951463
weaponsAcquired_match_mean_ratio,0.00030898236
weaponsAcquired_team_sum,0.00030357612
DBNOs_team_max,0.00027649553
weaponsAcquired_team_min,0.00027063905
rideDistance,0.00025385467
DBNOs_team_sum,0.0002484354
walkDistance_team_sum,0.00023888015
kills,0.00023495324
damageDealt_team_mean,0.00022944271
totalDistance_match_max_ratio,0.00021194207
damageDealt_team_max,0.00020907253
swimDistance,0.00020670077
kills_match_max_ratio,0.00019551559
damageDealt_match_max_ratio,0.00018050235
damageDealt_match_rank_perc,0.00017507645
longestKill,0.00017345032
damage_per_kill,0.00017100484
killStreaks,0.00016802171
revives,0.00016728554
totalDistance_team_sum,0.00016551037
boosts_team_min,0.00016014441
heals_team_min,0.00014828889
heals_per_walkDistance,0.00014664797
heals_and_boosts,0.00014172924
heals_match_rank_perc,0.00013850858
teamKills,0.00013795258
heals_team_sum,0.00013257528
rankPoints,0.0001168294
winPoints,0.00011502907
heals_team_max,0.00011190691
killPoints,0.00010535114
roadKills,0.000103534985
assists,0.00010143452
damageDealt,9.584809e-05
weaponsAcquired,8.6190616e-05
damageDealt_team_min,7.9348356e-05
boosts_per_walkDistance,7.866929e-05
boosts_match_max_ratio,6.750992e-05
damageDealt_match_mean_ratio,6.0780327e-05
heals_match_max_ratio,5.0393784e-05
weaponsAcquired_match_max_ratio,4.919747e-05
vehicleDestroys,4.2952837e-05
headshot_rate,3.6587662e-05
heals,3.0201923e-05
headshotKills,2.6124082e-05
